customer_id,signup_date,age,gender,country,plan_type
1,2023-04-13,54,Female,USA,Basic
2,2024-03-11,53,Male,India,Basic
3,2025-05-10,41,Female,Canada,Premium
4,2023-09-28,48,Male,Canada,Basic
5,2023-04-17,23,Male,USA,Standard
6,2023-03-13,19,Male,Australia,Basic
7,2024-12-01,37,Female,India,Basic
8,2023-01-21,45,Male,UK,Basic
9,2024-09-06,28,Male,India,Basic
10,2023-05-02,21,Male,Canada,Basic
11,2024-04-11,32,Female,India,Basic
12,2023-08-03,23,Female,USA,Standard
13,2023-11-27,47,Male,Canada,Basic
14,2024-04-03,55,Female,India,Basic
15,2023-03-29,19,Male,India,Premium
16,2024-01-08,32,Male,UK,Standard
17,2023-04-10,28,Male,India,Basic
18,2025-05-21,25,Male,India,Premium
19,2024-10-25,43,Male,India,Basic
20,2023-05-11,62,Male,India,Basic
21,2024-10-23,61,Male,Canada,Standard
22,2023-11-05,22,Male,USA,Standard
23,2025-02-08,23,Female,India,Basic
24,2023-12-10,43,Female,India,Basic
25,2024-05-06,21,Male,India,Standard
26,2024-02-18,36,Female,India,Basic
27,2025-03-16,37,Female,India,Premium
28,2024-01-21,50,Female,India,Basic
29,2023-07-11,37,Male,India,Premium
30,2023-10-04,29,Male,UK,Standard
31,2023-06-10,64,Male,India,Premium
32,2024-04-04,18,Male,USA,Standard
33,2023-11-10,43,Male,USA,Standard
34,2023-01-22,31,Female,USA,Basic
35,2023-09-10,55,Male,USA,Basic
36,2025-01-17,54,Female,India,Basic
37,2025-05-06,28,Male,Canada,Premium
38,2024-07-14,53,Male,USA,Premium
39,2024-04-19,30,Female,India,Basic
40,2023-02-28,60,Female,UK,Basic
41,2024-05-25,20,Female,USA,Basic
42,2024-11-12,50,Female,India,Standard
43,2024-04-20,23,Female,India,Standard
44,2024-11-30,27,Male,India,Standard
45,2025-02-21,22,Male,Canada,Premium
46,2023-07-09,40,Male,USA,Basic
47,2024-11-17,27,Male,Australia,Standard
48,2024-07-16,61,Male,USA,Basic
49,2025-05-25,19,Male,India,Basic
50,2024-07-20,30,Female,India,Basic
51,2023-09-01,57,Male,USA,Basic
52,2025-04-11,19,Female,USA,Premium
53,2024-05-19,37,Other,Australia,Basic
54,2023-05-11,18,Male,India,Standard
55,2024-04-29,54,Male,India,Premium
56,2025-03-29,26,Female,USA,Standard
57,2024-10-08,34,Male,USA,Basic
58,2023-01-21,26,Male,USA,Standard
59,2025-04-20,28,Female,UK,Basic
60,2023-06-16,32,Female,India,Standard
61,2023-10-01,41,Male,USA,Standard
62,2024-01-23,55,Female,USA,Standard
63,2024-08-23,52,Male,Canada,Basic
64,2023-11-12,47,Female,Canada,Premium
65,2023-01-14,48,Female,India,Basic
66,2023-08-30,22,Male,India,Basic
67,2025-02-15,61,Female,Australia,Basic
68,2023-12-12,31,Male,India,Basic
69,2024-07-18,28,Female,Canada,Basic
70,2025-06-16,26,Female,India,Premium
71,2023-12-06,51,Male,USA,Premium
72,2023-04-02,29,Male,UK,Basic
73,2024-01-02,52,Male,Australia,Basic
74,2024-03-30,52,Male,India,Basic
75,2024-03-03,18,Male,USA,Basic
76,2024-05-23,57,Female,India,Basic
77,2025-02-14,39,Female,India,Premium
78,2023-02-04,46,Male,USA,Basic
79,2023-07-25,25,Male,USA,Basic
80,2023-03-22,28,Male,Australia,Basic
81,2024-07-15,58,Female,India,Premium
82,2025-05-21,54,Female,India,Standard
83,2024-01-23,31,Male,India,Premium
84,2023-01-02,47,Male,India,Standard
85,2024-01-25,52,Male,India,Basic
86,2024-07-19,38,Male,UK,Basic
87,2023-04-16,54,Male,India,Standard
88,2025-02-10,22,Female,Australia,Basic
89,2025-04-01,36,Female,Australia,Standard
90,2024-04-21,31,Female,USA,Basic
91,2024-12-03,43,Female,Australia,Basic
92,2024-02-06,21,Male,UK,Standard
93,2024-12-30,42,Female,India,Standard
94,2024-07-09,62,Male,India,Standard
95,2023-06-11,59,Female,India,Basic
96,2023-07-21,42,Female,USA,Standard
97,2023-09-27,35,Female,Canada,Basic
98,2025-05-12,57,Female,India,Basic
99,2025-03-26,25,Male,Canada,Basic
100,2023-09-28,56,Female,USA,Basic
101,2024-03-31,57,Male,India,Basic
102,2024-04-06,31,Female,Australia,Basic
103,2024-12-27,49,Female,India,Basic
104,2023-09-09,55,Female,India,Basic
105,2024-12-02,50,Male,USA,Basic
106,2023-10-23,40,Male,India,Basic
107,2024-12-25,32,Female,USA,Basic
108,2024-12-20,50,Female,India,Standard
109,2025-01-18,42,Male,India,Basic
110,2023-12-04,34,Female,Australia,Basic
111,2025-05-28,50,Female,India,Basic
112,2023-02-22,64,Male,India,Standard
113,2025-03-02,19,Male,India,Premium
114,2023-08-05,31,Female,Canada,Standard
115,2025-02-02,57,Male,India,Standard
116,2023-07-07,57,Male,India,Standard
117,2024-01-15,56,Female,India,Standard
118,2024-05-07,23,Male,India,Standard
119,2023-02-10,23,Male,UK,Basic
120,2023-06-06,20,Female,UK,Basic
121,2023-01-15,24,Female,India,Basic
122,2025-03-23,25,Female,USA,Premium
123,2023-03-06,59,Male,India,Standard
124,2025-05-06,32,Female,Australia,Standard
125,2025-04-18,64,Male,Australia,Basic
126,2024-06-04,46,Male,India,Basic
127,2023-12-10,50,Female,Canada,Basic
128,2023-05-09,47,Male,UK,Basic
129,2024-10-09,56,Female,India,Premium
130,2024-04-16,44,Male,India,Standard
131,2023-03-04,53,Male,India,Basic
132,2023-05-19,46,Female,UK,Premium
133,2024-05-13,55,Female,Australia,Basic
134,2024-08-15,50,Female,UK,Premium
135,2024-01-27,54,Female,Canada,Basic
136,2024-11-05,44,Female,USA,Basic
137,2024-02-23,50,Female,Canada,Basic
138,2023-10-16,21,Other,UK,Basic
139,2024-01-14,39,Female,India,Basic
140,2025-02-11,19,Female,USA,Standard
141,2024-05-04,27,Male,UK,Premium
142,2023-08-19,22,Female,India,Standard
143,2023-02-10,27,Male,UK,Basic
144,2023-01-28,50,Male,India,Standard
145,2023-05-15,55,Male,India,Basic
146,2023-07-20,30,Female,UK,Basic
147,2025-04-19,48,Female,India,Standard
148,2025-02-18,64,Female,India,Standard
149,2023-02-02,53,Male,India,Basic
150,2023-02-17,62,Female,Canada,Basic
151,2024-05-17,41,Female,India,Premium
152,2024-02-11,32,Other,Canada,Basic
153,2024-07-27,46,Female,India,Basic
154,2024-12-28,25,Female,Australia,Standard
155,2025-03-15,22,Female,Australia,Basic
156,2023-04-09,46,Other,India,Basic
157,2024-11-14,64,Female,India,Basic
158,2025-05-21,21,Male,India,Standard
159,2024-12-26,29,Male,USA,Standard
160,2024-06-30,62,Female,India,Standard
161,2025-01-08,19,Male,India,Premium
162,2024-09-04,44,Female,India,Standard
163,2024-04-06,48,Female,India,Basic
164,2024-10-04,53,Male,India,Basic
165,2025-02-07,53,Male,USA,Standard
166,2023-01-05,43,Male,Australia,Standard
167,2023-08-06,60,Male,India,Standard
168,2024-05-17,44,Female,USA,Standard
169,2025-02-05,22,Female,India,Basic
170,2024-02-02,37,Female,Canada,Basic
171,2025-05-20,28,Female,Canada,Basic
172,2025-03-05,27,Female,Canada,Basic
173,2024-01-28,57,Female,Australia,Basic
174,2023-07-26,55,Female,India,Standard
175,2023-01-15,23,Female,Canada,Standard
176,2025-05-07,25,Male,UK,Basic
177,2024-07-07,40,Male,India,Standard
178,2025-06-10,64,Female,Australia,Standard
179,2024-04-05,43,Male,India,Basic
180,2024-11-21,63,Male,USA,Standard
181,2024-07-28,60,Female,India,Standard
182,2025-05-13,29,Male,India,Standard
183,2025-01-12,43,Male,USA,Standard
184,2023-08-29,30,Male,USA,Standard
185,2024-07-17,57,Female,India,Basic
186,2023-04-06,35,Male,India,Basic
187,2025-06-18,42,Female,Canada,Basic
188,2025-01-03,50,Male,India,Premium
189,2024-04-29,64,Male,India,Basic
190,2024-02-11,57,Male,Canada,Basic
191,2023-08-19,60,Male,Canada,Premium
192,2025-01-18,29,Male,India,Premium
193,2024-10-16,61,Female,UK,Standard
194,2023-06-20,53,Female,UK,Basic
195,2024-06-24,21,Male,Canada,Basic
196,2023-02-05,22,Female,India,Basic
197,2024-06-08,54,Female,India,Basic
198,2023-06-09,25,Female,India,Basic
199,2025-04-18,59,Female,India,Standard
200,2024-11-29,45,Male,USA,Premium
201,2023-08-31,48,Male,India,Basic
202,2023-03-27,26,Male,USA,Standard
203,2025-03-06,46,Male,India,Standard
204,2024-07-31,31,Female,India,Basic
205,2024-11-12,57,Female,Canada,Standard
206,2024-07-10,58,Male,India,Basic
207,2024-07-27,39,Female,India,Basic
208,2024-10-07,28,Male,UK,Standard
209,2025-03-06,40,Male,India,Basic
210,2023-01-28,18,Female,USA,Premium
211,2024-09-11,63,Male,UK,Basic
212,2024-07-09,54,Male,India,Standard
213,2023-12-06,38,Male,UK,Basic
214,2025-03-08,43,Female,India,Basic
215,2023-11-27,63,Female,India,Basic
216,2024-10-01,53,Male,India,Standard
217,2024-05-20,40,Female,India,Premium
218,2023-12-14,18,Female,Australia,Premium
219,2024-04-17,57,Male,India,Standard
220,2023-08-19,32,Female,India,Standard
221,2023-07-09,38,Male,India,Standard
222,2023-08-13,64,Male,USA,Standard
223,2024-01-20,26,Male,India,Standard
224,2024-01-12,26,Female,India,Standard
225,2023-10-10,27,Male,USA,Premium
226,2024-09-24,43,Female,India,Basic
227,2024-09-19,58,Female,India,Premium
228,2025-01-14,52,Male,India,Standard
229,2023-09-16,42,Female,India,Basic
230,2023-12-25,43,Female,Canada,Basic
231,2024-12-10,28,Male,India,Basic
232,2024-03-31,55,Female,India,Standard
233,2024-02-15,19,Female,India,Premium
234,2024-10-10,24,Male,UK,Basic
235,2023-11-14,35,Male,USA,Premium
236,2024-11-07,44,Male,India,Premium
237,2023-08-13,51,Female,UK,Basic
238,2025-03-29,44,Female,USA,Premium
239,2023-08-22,34,Female,Canada,Premium
240,2024-11-14,60,Female,UK,Standard
241,2024-10-25,61,Male,India,Standard
242,2025-04-06,41,Female,India,Premium
243,2024-01-09,42,Female,India,Standard
244,2024-11-02,24,Male,India,Basic
245,2024-08-30,23,Male,Australia,Premium
246,2024-04-16,41,Male,India,Standard
247,2023-08-21,50,Female,India,Standard
248,2024-11-22,46,Female,UK,Basic
249,2023-04-23,60,Female,India,Standard
250,2025-04-09,39,Female,India,Basic
251,2024-05-11,43,Male,India,Premium
252,2024-03-17,45,Male,India,Basic
253,2024-07-17,38,Male,UK,Basic
254,2023-09-25,24,Male,India,Basic
255,2024-05-24,34,Female,India,Basic
256,2025-03-17,37,Male,India,Standard
257,2024-01-21,58,Female,India,Premium
258,2024-01-22,37,Male,USA,Premium
259,2023-04-23,39,Male,India,Basic
260,2024-09-04,45,Female,India,Basic
261,2024-09-16,57,Female,Australia,Premium
262,2023-03-22,24,Male,USA,Premium
263,2024-11-29,18,Female,India,Standard
264,2023-04-23,49,Female,USA,Standard
265,2023-01-02,30,Female,UK,Basic
266,2024-10-03,47,Male,USA,Premium
267,2023-08-08,40,Male,India,Standard
268,2024-07-19,36,Male,Australia,Basic
269,2025-05-04,49,Female,India,Basic
270,2025-01-05,47,Male,India,Premium
271,2023-08-13,46,Female,India,Basic
272,2024-01-20,62,Male,India,Basic
273,2024-02-07,46,Male,UK,Standard
274,2024-09-29,47,Female,India,Basic
275,2023-05-10,33,Female,India,Basic
276,2023-02-22,57,Female,Canada,Premium
277,2024-11-14,36,Female,India,Premium
278,2024-12-30,35,Female,India,Premium
279,2024-11-02,18,Male,India,Premium
280,2024-12-10,31,Male,India,Standard
281,2024-02-20,64,Female,India,Premium
282,2023-09-04,19,Female,USA,Basic
283,2025-04-15,45,Female,India,Standard
284,2024-03-14,47,Male,India,Premium
285,2023-07-22,55,Female,UK,Basic
286,2023-07-03,21,Male,USA,Basic
287,2023-05-03,18,Male,India,Standard
288,2024-02-05,25,Male,India,Basic
289,2025-02-05,46,Male,India,Basic
290,2023-10-21,56,Female,India,Premium
291,2023-10-07,20,Male,India,Premium
292,2025-04-16,49,Female,India,Basic
293,2025-06-02,27,Female,Canada,Basic
294,2024-09-01,27,Male,India,Basic
295,2023-07-17,36,Male,UK,Premium
296,2024-05-25,63,Male,India,Standard
297,2025-01-21,51,Female,UK,Basic
298,2023-05-24,50,Female,USA,Standard
299,2024-08-31,40,Male,Canada,Basic
300,2023-07-20,45,Female,India,Standard
301,2023-05-04,49,Male,USA,Premium
302,2023-07-06,24,Male,India,Standard
303,2023-11-22,46,Male,USA,Standard
304,2024-04-08,25,Female,India,Basic
305,2023-12-15,18,Female,India,Standard
306,2025-02-09,20,Female,India,Standard
307,2024-10-21,41,Male,India,Basic
308,2025-02-02,40,Female,India,Standard
309,2024-02-07,25,Male,India,Basic
310,2023-12-12,64,Female,Australia,Premium
311,2024-05-25,54,Other,USA,Basic
312,2023-05-27,20,Female,Australia,Premium
313,2023-05-28,50,Female,India,Basic
314,2025-05-13,45,Female,Canada,Standard
315,2024-12-11,64,Male,UK,Standard
316,2025-03-30,25,Male,USA,Standard
317,2024-05-03,51,Male,USA,Basic
318,2024-10-01,52,Female,India,Standard
319,2024-07-04,49,Female,UK,Standard
320,2023-12-04,41,Male,India,Basic
321,2025-05-21,31,Female,India,Basic
322,2024-10-02,49,Female,India,Standard
323,2025-02-17,63,Other,Australia,Standard
324,2024-04-17,60,Other,Canada,Basic
325,2023-05-31,33,Male,Australia,Basic
326,2024-02-19,21,Male,USA,Basic
327,2023-10-25,54,Female,India,Standard
328,2024-09-02,38,Female,India,Standard
329,2023-09-20,31,Male,India,Premium
330,2025-02-02,48,Male,India,Premium
331,2023-05-24,35,Female,India,Standard
332,2023-12-12,24,Female,India,Basic
333,2024-09-15,27,Female,India,Basic
334,2024-07-25,24,Male,Australia,Basic
335,2025-05-30,50,Male,India,Premium
336,2023-01-02,40,Male,Canada,Standard
337,2025-06-15,38,Female,USA,Basic
338,2023-10-31,36,Other,India,Basic
339,2023-09-11,36,Male,India,Standard
340,2024-10-13,53,Female,India,Standard
341,2024-03-28,46,Female,India,Basic
342,2023-02-06,35,Female,USA,Premium
343,2023-06-09,19,Female,India,Standard
344,2023-01-09,18,Male,India,Basic
345,2023-08-21,64,Female,India,Premium
346,2023-04-09,22,Male,Australia,Basic
347,2024-10-20,37,Female,UK,Premium
348,2025-03-26,28,Female,UK,Premium
349,2023-07-27,59,Female,India,Standard
350,2023-05-11,19,Female,UK,Standard
351,2024-02-08,20,Male,UK,Basic
352,2023-06-01,40,Male,USA,Premium
353,2023-02-23,29,Male,Australia,Standard
354,2023-04-30,37,Male,India,Standard
355,2024-11-03,22,Female,Australia,Premium
356,2024-09-19,54,Female,Canada,Premium
357,2024-08-09,55,Female,India,Premium
358,2024-09-16,47,Male,India,Basic
359,2024-02-24,26,Female,Australia,Premium
360,2024-02-26,51,Female,India,Standard
361,2023-04-14,61,Male,India,Premium
362,2025-05-01,52,Female,Australia,Standard
363,2023-09-11,39,Female,USA,Basic
364,2023-08-15,61,Female,India,Basic
365,2023-04-22,41,Male,USA,Standard
366,2024-05-24,34,Male,India,Standard
367,2024-04-17,27,Male,India,Basic
368,2023-04-09,47,Female,India,Standard
369,2023-06-02,63,Other,USA,Basic
370,2025-05-10,40,Male,India,Premium
371,2025-06-14,49,Female,UK,Standard
372,2025-05-27,34,Male,USA,Basic
373,2023-12-04,34,Female,India,Basic
374,2024-12-06,31,Male,USA,Basic
375,2025-04-01,26,Male,India,Standard
376,2023-06-12,57,Female,USA,Basic
377,2024-12-20,19,Other,India,Basic
378,2024-11-11,62,Male,Australia,Premium
379,2023-06-10,42,Male,India,Premium
380,2024-08-02,56,Female,India,Standard
381,2025-03-11,26,Female,USA,Premium
382,2024-02-02,39,Female,India,Basic
383,2023-10-04,60,Male,India,Standard
384,2025-03-26,63,Female,USA,Standard
385,2024-05-18,21,Male,USA,Standard
386,2025-06-14,43,Male,USA,Basic
387,2024-01-27,46,Female,India,Standard
388,2023-05-15,62,Male,USA,Basic
389,2023-07-14,51,Female,India,Standard
390,2024-02-05,40,Male,USA,Basic
391,2024-10-01,54,Male,USA,Basic
392,2023-02-02,28,Female,India,Basic
393,2024-11-18,23,Female,India,Basic
394,2024-04-04,35,Female,India,Standard
395,2025-06-01,38,Male,India,Basic
396,2024-04-14,59,Male,India,Premium
397,2024-01-10,53,Male,India,Basic
398,2023-01-22,58,Female,USA,Basic
399,2025-01-19,55,Female,India,Standard
400,2024-10-31,51,Female,Australia,Basic
401,2023-02-07,34,Male,India,Standard
402,2023-08-18,54,Male,UK,Standard
403,2023-12-31,42,Female,USA,Basic
404,2024-07-16,55,Female,India,Basic
405,2024-03-13,29,Male,India,Basic
406,2025-02-14,40,Male,USA,Basic
407,2023-10-10,59,Male,India,Basic
408,2023-01-27,39,Male,Australia,Basic
409,2023-08-14,38,Female,India,Basic
410,2023-10-04,44,Female,Australia,Standard
411,2025-03-08,48,Male,India,Standard
412,2024-08-31,23,Male,USA,Standard
413,2023-10-11,44,Female,USA,Basic
414,2025-05-28,57,Male,UK,Basic
415,2024-04-25,51,Male,India,Premium
416,2024-03-28,29,Male,USA,Standard
417,2025-04-08,62,Male,India,Premium
418,2025-03-26,24,Female,UK,Basic
419,2024-10-20,27,Male,India,Standard
420,2024-05-30,62,Male,Canada,Standard
421,2024-06-30,34,Male,India,Basic
422,2023-07-11,43,Male,UK,Standard
423,2023-02-18,38,Male,Canada,Standard
424,2024-05-26,45,Female,UK,Basic
425,2023-01-17,63,Male,India,Basic
426,2023-06-21,19,Male,India,Standard
427,2023-08-08,60,Male,Australia,Premium
428,2023-06-07,18,Male,India,Basic
429,2024-04-21,53,Male,India,Basic
430,2023-02-15,43,Female,USA,Basic
431,2024-01-08,46,Male,USA,Standard
432,2024-06-01,38,Female,India,Basic
433,2023-04-09,28,Female,USA,Premium
434,2025-06-10,57,Male,UK,Basic
435,2025-01-14,28,Male,India,Basic
436,2023-02-06,53,Female,Canada,Standard
437,2023-10-07,56,Female,India,Premium
438,2023-12-15,57,Male,India,Standard
439,2024-05-11,52,Female,India,Basic
440,2023-10-29,51,Female,India,Premium
441,2023-06-30,64,Female,Canada,Basic
442,2024-08-29,41,Female,India,Premium
443,2023-04-09,39,Female,India,Basic
444,2024-11-30,22,Female,India,Standard
445,2023-04-26,50,Female,USA,Standard
446,2023-07-10,53,Male,USA,Basic
447,2023-09-10,64,Male,India,Premium
448,2023-06-10,37,Male,India,Basic
449,2023-09-13,36,Female,Canada,Basic
450,2023-11-19,52,Female,India,Standard
451,2023-05-08,60,Male,India,Basic
452,2023-01-18,34,Female,India,Standard
453,2025-03-03,62,Male,UK,Basic
454,2025-01-04,60,Male,India,Basic
455,2024-07-19,51,Male,India,Basic
456,2024-07-23,26,Female,India,Basic
457,2023-11-19,43,Female,Australia,Standard
458,2025-05-21,19,Male,India,Standard
459,2024-11-16,26,Female,UK,Premium
460,2025-03-02,26,Male,India,Premium
461,2024-09-17,57,Male,India,Basic
462,2023-10-15,34,Other,UK,Basic
463,2025-05-03,18,Female,India,Basic
464,2024-10-24,42,Male,Canada,Basic
465,2024-09-30,60,Male,Canada,Standard
466,2023-06-04,57,Female,Canada,Basic
467,2024-05-04,59,Female,India,Basic
468,2024-01-21,42,Male,UK,Premium
469,2025-02-23,56,Female,India,Standard
470,2023-04-14,52,Female,Canada,Basic
471,2024-01-28,20,Female,USA,Basic
472,2025-03-21,54,Male,Canada,Basic
473,2023-09-03,61,Male,India,Premium
474,2023-06-25,61,Male,India,Basic
475,2023-02-08,47,Female,India,Basic
476,2024-04-21,55,Female,UK,Basic
477,2024-11-12,51,Male,India,Standard
478,2025-01-28,29,Male,India,Basic
479,2024-06-21,36,Female,UK,Premium
480,2025-05-16,54,Male,USA,Premium
481,2025-03-28,61,Other,India,Standard
482,2024-02-12,34,Male,USA,Basic
483,2024-06-08,27,Male,India,Premium
484,2025-04-07,64,Male,India,Standard
485,2024-05-20,29,Female,India,Basic
486,2025-04-04,33,Male,India,Standard
487,2023-02-05,41,Other,India,Basic
488,2024-11-15,36,Female,USA,Basic
489,2023-01-20,25,Male,India,Standard
490,2023-11-17,48,Male,India,Basic
491,2025-02-14,38,Male,Australia,Standard
492,2024-05-26,34,Male,India,Basic
493,2024-02-04,40,Male,India,Premium
494,2024-10-15,54,Male,UK,Premium
495,2025-06-01,33,Female,Australia,Premium
496,2024-04-15,23,Male,UK,Basic
497,2023-05-23,25,Female,USA,Basic
498,2023-04-02,42,Female,UK,Standard
499,2023-12-20,35,Female,India,Basic
500,2025-04-13,42,Male,UK,Basic
501,2025-03-10,29,Female,India,Standard
502,2024-12-27,32,Male,Australia,Standard
503,2025-05-03,43,Male,India,Premium
504,2023-02-20,58,Male,USA,Basic
505,2024-10-26,62,Female,India,Basic
506,2024-11-28,43,Male,UK,Basic
507,2024-07-28,64,Male,India,Premium
508,2023-07-09,49,Male,Canada,Standard
509,2023-05-05,27,Female,UK,Premium
510,2023-05-30,33,Female,India,Premium
511,2023-11-10,24,Female,UK,Standard
512,2024-07-23,34,Female,UK,Standard
513,2023-12-08,40,Female,USA,Basic
514,2023-11-01,43,Male,India,Standard
515,2024-11-22,38,Female,India,Standard
516,2024-11-12,39,Female,India,Standard
517,2025-04-17,24,Female,India,Premium
518,2025-02-21,31,Female,Canada,Premium
519,2023-02-23,32,Female,India,Standard
520,2024-03-19,24,Female,UK,Standard
521,2024-09-04,26,Female,India,Standard
522,2023-09-21,25,Male,India,Basic
523,2023-02-22,40,Other,UK,Basic
524,2024-07-25,46,Female,Canada,Standard
525,2024-09-11,35,Female,India,Standard
526,2023-01-05,48,Male,India,Basic
527,2023-04-13,47,Female,India,Premium
528,2023-07-15,56,Female,India,Basic
529,2025-02-12,52,Male,India,Basic
530,2025-05-26,35,Female,India,Standard
531,2025-06-02,59,Male,India,Basic
532,2023-12-16,56,Male,USA,Basic
533,2023-02-16,34,Female,India,Basic
534,2025-05-16,31,Female,India,Standard
535,2025-04-02,48,Male,India,Basic
536,2025-03-30,41,Female,UK,Standard
537,2024-10-17,52,Female,Canada,Standard
538,2023-09-26,61,Male,India,Basic
539,2024-01-05,62,Male,UK,Premium
540,2024-09-27,51,Female,India,Basic
541,2023-04-16,20,Male,India,Premium
542,2024-10-31,54,Female,India,Standard
543,2024-10-20,60,Male,India,Premium
544,2024-10-18,57,Male,UK,Basic
545,2023-04-30,43,Male,Canada,Standard
546,2025-04-10,40,Male,India,Basic
547,2025-02-25,61,Other,USA,Basic
548,2024-08-26,56,Female,USA,Standard
549,2023-02-27,32,Male,India,Basic
550,2023-12-12,21,Female,India,Standard
551,2025-01-10,46,Female,India,Basic
552,2024-04-18,39,Female,India,Basic
553,2023-04-27,42,Male,India,Standard
554,2025-04-09,30,Male,India,Basic
555,2025-03-01,35,Female,India,Standard
556,2023-05-07,50,Female,UK,Standard
557,2024-01-28,33,Male,USA,Premium
558,2024-10-02,62,Female,Australia,Basic
559,2023-02-27,59,Female,India,Standard
560,2024-09-25,61,Male,UK,Premium
561,2024-05-27,19,Male,Canada,Standard
562,2025-01-20,52,Other,USA,Standard
563,2025-03-12,59,Female,India,Standard
564,2023-04-06,51,Female,UK,Standard
565,2024-09-29,47,Male,India,Standard
566,2023-04-28,30,Male,India,Basic
567,2024-07-13,30,Male,India,Basic
568,2024-08-23,35,Male,USA,Premium
569,2024-05-02,49,Female,India,Basic
570,2023-08-25,49,Male,Australia,Standard
571,2025-06-03,52,Female,USA,Basic
572,2025-06-15,56,Female,India,Standard
573,2023-09-29,63,Male,Australia,Basic
574,2023-07-08,46,Female,India,Basic
575,2024-12-04,46,Female,Australia,Premium
576,2024-03-22,61,Male,India,Premium
577,2024-08-03,33,Female,India,Standard
578,2025-02-28,61,Male,UK,Standard
579,2025-05-10,64,Female,USA,Standard
580,2023-09-04,27,Male,UK,Standard
581,2023-03-17,47,Female,Australia,Standard
582,2023-06-03,42,Female,UK,Basic
583,2024-10-17,56,Other,USA,Standard
584,2024-03-10,37,Male,Canada,Standard
585,2023-03-27,22,Male,USA,Premium
586,2024-11-27,18,Female,India,Basic
587,2023-10-12,47,Male,Canada,Standard
588,2023-08-08,20,Male,India,Standard
589,2023-03-10,62,Male,USA,Basic
590,2023-02-16,31,Male,Canada,Basic
591,2023-04-04,47,Female,UK,Basic
592,2025-01-19,21,Female,USA,Basic
593,2024-03-28,35,Male,UK,Basic
594,2023-07-23,54,Female,India,Standard
595,2023-08-06,42,Female,Canada,Standard
596,2024-04-18,18,Male,India,Standard
597,2024-03-07,63,Male,India,Premium
598,2023-12-07,32,Male,India,Basic
599,2024-07-04,26,Male,India,Basic
600,2024-09-03,32,Male,India,Standard
601,2023-10-16,41,Female,UK,Basic
602,2023-09-11,21,Female,India,Basic
603,2025-01-03,29,Female,India,Basic
604,2023-12-23,54,Female,India,Basic
605,2023-01-23,54,Male,India,Premium
606,2025-01-31,60,Female,USA,Basic
607,2024-06-05,23,Female,India,Standard
608,2025-01-27,56,Female,India,Basic
609,2025-04-16,63,Female,India,Standard
610,2023-04-10,41,Female,India,Basic
611,2025-03-12,28,Female,India,Standard
612,2023-06-29,30,Female,India,Basic
613,2023-08-11,51,Female,UK,Basic
614,2025-01-31,42,Female,Canada,Standard
615,2024-10-20,24,Male,India,Basic
616,2024-03-17,21,Female,Australia,Basic
617,2024-08-30,25,Female,India,Basic
618,2025-02-07,37,Male,India,Premium
619,2023-11-21,46,Female,Australia,Basic
620,2024-05-30,62,Male,India,Standard
621,2023-01-16,63,Male,Australia,Basic
622,2025-03-02,27,Female,India,Basic
623,2023-12-02,60,Male,India,Basic
624,2025-01-28,51,Female,India,Premium
625,2023-09-15,43,Male,USA,Basic
626,2024-05-11,58,Female,USA,Basic
627,2025-06-14,20,Male,USA,Basic
628,2023-06-09,23,Female,India,Basic
629,2024-04-19,22,Male,India,Basic
630,2025-05-01,22,Male,India,Standard
631,2024-10-25,64,Female,India,Basic
632,2024-11-20,40,Female,Australia,Basic
633,2024-11-05,26,Male,India,Standard
634,2024-01-15,52,Male,Canada,Basic
635,2024-06-28,37,Female,Canada,Basic
636,2024-11-21,59,Male,India,Basic
637,2024-03-02,52,Male,USA,Standard
638,2024-09-04,35,Male,India,Basic
639,2023-09-25,34,Female,India,Standard
640,2025-04-14,41,Male,India,Basic
641,2024-07-30,20,Female,USA,Standard
642,2024-02-21,49,Other,India,Basic
643,2023-06-17,52,Male,India,Standard
644,2025-04-21,55,Female,India,Premium
645,2023-02-12,30,Male,India,Standard
646,2024-07-09,64,Female,USA,Basic
647,2023-10-12,42,Other,UK,Basic
648,2024-02-01,26,Other,India,Basic
649,2023-01-12,21,Male,India,Basic
650,2024-08-29,31,Female,USA,Basic
651,2023-10-29,54,Male,India,Standard
652,2025-06-16,51,Female,USA,Basic
653,2023-09-10,28,Female,India,Basic
654,2024-05-13,58,Male,India,Standard
655,2025-01-23,20,Female,India,Standard
656,2023-02-04,45,Female,India,Basic
657,2024-12-27,46,Other,USA,Premium
658,2025-04-28,26,Female,India,Basic
659,2023-03-31,20,Female,UK,Standard
660,2025-02-14,42,Male,Canada,Standard
661,2024-08-27,51,Female,India,Standard
662,2024-08-24,29,Male,UK,Standard
663,2024-02-22,59,Other,India,Basic
664,2023-04-25,26,Male,India,Basic
665,2024-09-08,32,Male,USA,Standard
666,2023-07-15,57,Female,India,Basic
667,2025-04-05,42,Female,USA,Premium
668,2024-05-15,22,Male,India,Basic
669,2024-09-17,28,Male,USA,Basic
670,2024-05-07,51,Male,Canada,Basic
671,2023-03-16,41,Female,Canada,Basic
672,2024-02-17,32,Female,USA,Standard
673,2024-01-11,55,Female,UK,Standard
674,2024-02-24,25,Male,USA,Standard
675,2024-12-29,22,Female,USA,Premium
676,2023-10-04,43,Male,India,Premium
677,2025-01-30,35,Male,India,Premium
678,2024-11-06,23,Female,India,Basic
679,2024-01-29,54,Male,Australia,Standard
680,2025-05-18,30,Female,India,Basic
681,2024-04-01,45,Male,India,Basic
682,2023-07-11,22,Male,India,Standard
683,2025-01-08,30,Male,USA,Basic
684,2024-11-19,34,Male,UK,Basic
685,2023-04-09,57,Female,India,Basic
686,2024-07-01,62,Female,India,Basic
687,2023-04-06,49,Male,UK,Premium
688,2024-10-25,46,Female,India,Basic
689,2024-10-24,20,Female,India,Basic
690,2023-07-09,57,Female,USA,Basic
691,2025-01-05,51,Male,UK,Basic
692,2023-02-06,57,Female,India,Premium
693,2025-02-18,44,Male,UK,Basic
694,2024-01-04,30,Other,UK,Standard
695,2024-11-25,62,Female,India,Standard
696,2024-06-08,50,Female,Australia,Premium
697,2023-10-06,23,Female,UK,Standard
698,2023-08-05,41,Male,UK,Premium
699,2025-05-16,36,Female,UK,Basic
700,2025-05-22,33,Female,India,Basic
701,2025-03-08,57,Female,India,Basic
702,2023-09-30,45,Male,India,Premium
703,2025-05-30,50,Female,India,Basic
704,2023-03-03,58,Male,India,Basic
705,2024-08-18,30,Male,Canada,Basic
706,2025-05-29,60,Female,UK,Basic
707,2024-12-29,62,Male,USA,Basic
708,2023-12-08,42,Female,Canada,Premium
709,2024-02-01,59,Male,UK,Basic
710,2024-11-29,53,Male,India,Standard
711,2023-01-19,44,Male,India,Standard
712,2023-06-26,55,Female,India,Basic
713,2024-09-03,24,Female,UK,Basic
714,2024-01-31,22,Female,India,Basic
715,2024-03-20,60,Female,USA,Basic
716,2023-08-21,62,Female,India,Standard
717,2023-03-17,48,Female,UK,Basic
718,2023-09-22,40,Female,UK,Basic
719,2024-03-30,59,Female,USA,Standard
720,2025-03-06,27,Male,Australia,Premium
721,2024-12-18,49,Female,UK,Premium
722,2025-01-04,60,Female,Canada,Premium
723,2024-01-19,47,Female,Australia,Standard
724,2024-07-17,56,Female,UK,Basic
725,2025-04-30,48,Male,USA,Standard
726,2024-05-20,35,Female,India,Basic
727,2024-01-02,53,Male,India,Standard
728,2023-05-24,19,Other,USA,Standard
729,2025-06-03,31,Male,India,Basic
730,2023-03-10,30,Male,India,Standard
731,2023-04-09,46,Male,Australia,Premium
732,2024-01-31,29,Other,Canada,Basic
733,2023-01-25,56,Male,Canada,Premium
734,2025-06-09,19,Male,India,Basic
735,2024-04-13,49,Male,India,Standard
736,2024-04-28,30,Male,India,Standard
737,2024-07-18,63,Male,India,Standard
738,2023-05-31,44,Female,India,Premium
739,2023-05-24,58,Female,India,Premium
740,2024-07-22,34,Female,Canada,Standard
741,2023-02-08,57,Female,USA,Basic
742,2023-04-19,48,Female,India,Premium
743,2024-11-23,51,Female,India,Basic
744,2023-02-11,41,Male,India,Premium
745,2023-07-05,62,Female,India,Basic
746,2024-02-02,52,Male,Australia,Basic
747,2023-08-11,23,Female,India,Standard
748,2024-09-25,36,Female,India,Basic
749,2023-05-13,47,Male,India,Basic
750,2023-06-12,24,Male,India,Basic
751,2023-08-03,27,Female,USA,Basic
752,2025-01-02,58,Male,UK,Basic
753,2023-08-23,49,Male,USA,Basic
754,2025-04-22,51,Female,India,Basic
755,2024-10-19,45,Female,USA,Basic
756,2025-01-20,32,Other,USA,Standard
757,2024-08-10,47,Male,Canada,Basic
758,2023-01-09,54,Male,India,Premium
759,2023-03-15,46,Male,India,Premium
760,2024-05-06,39,Female,USA,Basic
761,2023-09-10,21,Female,USA,Standard
762,2023-08-18,37,Female,India,Premium
763,2024-06-02,49,Male,India,Premium
764,2023-06-23,53,Male,India,Standard
765,2024-10-14,21,Male,Canada,Basic
766,2023-06-17,44,Female,India,Standard
767,2023-06-19,34,Female,Australia,Standard
768,2024-01-28,29,Male,India,Standard
769,2025-03-05,39,Male,Australia,Basic
770,2024-09-25,34,Male,Canada,Premium
771,2023-07-13,27,Female,India,Premium
772,2024-05-31,18,Male,Canada,Basic
773,2023-01-29,39,Female,India,Basic
774,2023-06-14,43,Male,Australia,Basic
775,2024-02-26,35,Female,USA,Premium
776,2023-12-05,31,Male,India,Standard
777,2024-10-09,64,Female,USA,Standard
778,2024-05-10,46,Male,Australia,Basic
779,2023-12-31,29,Female,India,Standard
780,2025-04-12,53,Female,USA,Basic
781,2023-12-08,52,Female,UK,Standard
782,2024-05-14,29,Female,UK,Standard
783,2024-10-18,24,Female,India,Premium
784,2024-05-25,46,Male,India,Premium
785,2023-11-23,28,Female,India,Premium
786,2023-08-05,50,Male,USA,Basic
787,2023-10-28,23,Male,India,Standard
788,2023-05-12,64,Male,Australia,Standard
789,2025-03-14,32,Female,India,Premium
790,2023-03-11,49,Female,USA,Basic
791,2023-09-09,28,Male,India,Basic
792,2024-02-19,40,Other,India,Basic
793,2025-02-25,43,Female,India,Standard
794,2024-03-20,51,Female,India,Basic
795,2025-05-25,63,Female,USA,Basic
796,2023-07-01,51,Other,Canada,Basic
797,2023-06-16,46,Female,USA,Basic
798,2023-04-01,21,Female,Australia,Premium
799,2024-12-14,34,Male,Canada,Basic
800,2025-05-07,52,Female,USA,Standard
801,2024-06-14,30,Female,Canada,Standard
802,2023-02-08,58,Male,USA,Premium
803,2023-05-06,56,Male,India,Basic
804,2024-03-26,32,Female,UK,Premium
805,2023-06-22,46,Female,India,Standard
806,2024-10-14,46,Female,USA,Premium
807,2025-01-23,28,Female,USA,Premium
808,2023-08-08,49,Male,India,Basic
809,2024-09-29,19,Female,India,Basic
810,2023-02-27,64,Female,Canada,Basic
811,2024-10-21,31,Female,USA,Standard
812,2024-04-20,37,Male,India,Basic
813,2024-03-31,39,Male,USA,Basic
814,2025-04-08,28,Male,USA,Standard
815,2025-06-13,44,Female,India,Basic
816,2023-12-27,20,Male,Australia,Basic
817,2023-01-01,34,Male,USA,Basic
818,2024-01-22,61,Female,India,Basic
819,2023-12-14,45,Female,UK,Basic
820,2023-07-09,46,Female,Canada,Standard
821,2024-05-19,38,Female,India,Standard
822,2023-07-10,64,Female,India,Premium
823,2024-05-22,33,Female,India,Standard
824,2024-01-04,54,Female,USA,Standard
825,2024-02-13,37,Male,USA,Basic
826,2025-04-03,23,Female,USA,Premium
827,2023-04-27,36,Male,Australia,Premium
828,2023-05-14,22,Male,UK,Premium
829,2023-02-27,20,Male,India,Standard
830,2024-07-09,18,Male,India,Basic
831,2024-11-15,55,Female,India,Basic
832,2024-11-02,32,Male,India,Basic
833,2023-06-22,51,Female,USA,Premium
834,2025-04-08,52,Female,Canada,Standard
835,2025-03-25,42,Male,India,Standard
836,2023-05-29,41,Female,USA,Basic
837,2023-03-21,29,Female,UK,Premium
838,2025-06-04,35,Male,India,Basic
839,2023-08-01,32,Male,India,Basic
840,2023-07-22,61,Male,India,Basic
841,2025-02-02,33,Female,India,Standard
842,2023-08-17,44,Male,Australia,Standard
843,2024-11-06,25,Female,India,Premium
844,2023-08-15,63,Male,India,Basic
845,2024-10-20,42,Male,India,Standard
846,2024-06-15,34,Male,Australia,Standard
847,2024-03-16,46,Male,India,Basic
848,2024-02-06,25,Female,India,Premium
849,2023-02-16,32,Male,India,Standard
850,2023-08-21,44,Male,India,Standard
851,2023-11-01,63,Female,India,Premium
852,2024-06-09,24,Male,USA,Standard
853,2023-05-23,20,Female,India,Basic
854,2024-02-19,46,Male,India,Standard
855,2024-05-27,61,Male,UK,Basic
856,2024-01-08,41,Male,India,Basic
857,2024-07-19,20,Female,India,Basic
858,2025-06-04,37,Male,India,Standard
859,2023-09-16,63,Male,Australia,Standard
860,2024-10-17,32,Male,India,Basic
861,2024-04-15,42,Female,Canada,Standard
862,2023-01-12,47,Female,UK,Premium
863,2023-11-26,31,Male,India,Basic
864,2025-01-05,24,Female,Australia,Basic
865,2025-02-22,34,Male,India,Standard
866,2023-12-24,61,Male,India,Basic
867,2024-02-12,37,Male,UK,Standard
868,2024-10-29,53,Male,USA,Basic
869,2024-01-08,26,Male,USA,Standard
870,2023-01-08,55,Female,India,Standard
871,2023-05-02,39,Female,India,Standard
872,2023-12-14,19,Female,UK,Premium
873,2024-11-06,41,Female,India,Premium
874,2023-03-31,25,Male,India,Standard
875,2024-10-09,28,Male,India,Standard
876,2024-11-28,30,Male,India,Basic
877,2023-11-12,34,Male,Canada,Standard
878,2023-06-27,25,Other,India,Basic
879,2024-06-23,38,Male,Australia,Premium
880,2025-01-01,35,Male,India,Basic
881,2025-05-18,47,Male,USA,Standard
882,2023-02-10,35,Female,India,Basic
883,2025-01-09,63,Female,India,Standard
884,2024-12-04,64,Female,India,Premium
885,2024-05-16,48,Male,India,Basic
886,2023-05-25,55,Male,India,Premium
887,2023-07-20,49,Female,Australia,Basic
888,2024-12-24,28,Female,USA,Standard
889,2024-04-05,62,Male,India,Premium
890,2025-01-01,42,Female,India,Basic
891,2025-01-21,50,Female,India,Premium
892,2024-07-11,55,Male,USA,Basic
893,2024-06-30,58,Female,UK,Basic
894,2023-09-10,25,Female,Australia,Premium
895,2024-01-25,28,Male,India,Basic
896,2024-08-16,39,Male,India,Premium
897,2025-06-01,41,Male,India,Premium
898,2023-09-13,58,Female,USA,Basic
899,2024-12-09,34,Female,USA,Standard
900,2025-03-25,29,Female,USA,Basic
901,2024-03-25,63,Male,USA,Basic
902,2023-01-10,49,Male,India,Basic
903,2025-04-03,32,Female,UK,Basic
904,2025-03-08,33,Male,India,Basic
905,2023-08-30,39,Female,USA,Basic
906,2023-09-08,45,Female,India,Premium
907,2025-05-26,37,Female,India,Premium
908,2023-01-05,50,Female,Canada,Standard
909,2023-04-29,27,Male,Canada,Standard
910,2025-03-11,57,Male,UK,Premium
911,2024-01-09,49,Female,India,Basic
912,2023-03-06,50,Male,UK,Standard
913,2023-05-26,19,Female,India,Premium
914,2023-08-12,50,Male,Canada,Basic
915,2023-08-27,50,Male,India,Standard
916,2023-06-26,58,Female,Australia,Premium
917,2025-02-17,30,Male,Australia,Premium
918,2025-05-02,47,Female,UK,Standard
919,2023-10-09,50,Female,India,Basic
920,2023-03-04,30,Female,India,Basic
921,2023-08-05,43,Male,Canada,Basic
922,2025-05-03,39,Male,India,Standard
923,2025-04-06,56,Female,Canada,Basic
924,2025-03-05,19,Male,India,Premium
925,2024-11-19,55,Male,India,Basic
926,2024-04-05,56,Male,Canada,Basic
927,2024-09-01,43,Male,USA,Standard
928,2023-04-15,63,Male,USA,Standard
929,2023-04-09,32,Female,USA,Basic
930,2024-05-25,51,Female,India,Basic
931,2024-01-20,59,Other,UK,Standard
932,2024-02-09,61,Female,India,Basic
933,2025-04-02,57,Other,Australia,Basic
934,2024-06-01,28,Male,Canada,Premium
935,2024-04-20,20,Female,India,Standard
936,2024-12-09,23,Female,USA,Basic
937,2025-05-12,26,Female,USA,Premium
938,2024-10-06,23,Male,India,Premium
939,2025-05-19,26,Female,Australia,Standard
940,2025-02-09,56,Female,India,Standard
941,2024-03-12,48,Female,India,Premium
942,2023-01-23,49,Female,India,Premium
943,2024-07-18,58,Male,India,Standard
944,2024-11-07,29,Female,USA,Basic
945,2024-12-14,25,Male,UK,Standard
946,2024-04-02,25,Female,USA,Standard
947,2023-03-24,45,Female,USA,Basic
948,2023-05-25,37,Female,India,Basic
949,2023-03-26,64,Female,India,Premium
950,2023-03-19,24,Other,India,Standard
951,2024-04-01,28,Male,India,Basic
952,2025-05-27,37,Female,USA,Standard
953,2023-01-01,33,Male,India,Basic
954,2023-02-20,21,Female,India,Basic
955,2024-11-15,23,Female,India,Standard
956,2024-12-17,39,Other,Australia,Basic
957,2025-02-10,43,Male,Australia,Basic
958,2024-03-21,20,Other,USA,Premium
959,2024-03-24,58,Female,Australia,Basic
960,2025-05-30,59,Male,UK,Basic
961,2024-05-02,31,Female,USA,Premium
962,2025-03-10,28,Female,India,Standard
963,2023-02-03,35,Male,UK,Standard
964,2023-12-14,29,Female,USA,Premium
965,2023-04-05,40,Male,USA,Basic
966,2023-03-13,29,Male,UK,Standard
967,2024-07-04,30,Female,India,Standard
968,2023-06-03,42,Male,USA,Premium
969,2023-09-07,62,Male,Australia,Standard
970,2024-11-04,36,Female,India,Standard
971,2024-03-13,63,Male,USA,Standard
972,2023-04-28,53,Male,India,Standard
973,2025-02-09,62,Female,USA,Standard
974,2025-06-09,25,Male,UK,Standard
975,2023-11-02,46,Other,India,Standard
976,2023-09-25,49,Female,USA,Standard
977,2023-02-23,61,Male,India,Standard
978,2023-08-24,35,Female,USA,Standard
979,2024-01-24,23,Male,India,Premium
980,2025-01-03,35,Male,UK,Standard
981,2025-02-01,36,Female,India,Premium
982,2025-04-04,39,Female,USA,Premium
983,2024-02-05,54,Male,India,Standard
984,2024-09-15,49,Female,Canada,Standard
985,2025-02-05,58,Male,Australia,Premium
986,2023-10-30,20,Female,Australia,Standard
987,2023-07-26,45,Male,UK,Premium
988,2023-08-17,27,Male,UK,Standard
989,2025-05-02,52,Male,India,Standard
990,2024-07-31,46,Female,India,Basic
991,2023-03-16,32,Male,India,Basic
992,2024-03-10,50,Male,UK,Premium
993,2023-04-13,24,Female,Canada,Standard
994,2024-02-26,29,Female,India,Standard
995,2024-12-04,47,Female,Australia,Premium
996,2025-02-02,38,Male,USA,Standard
997,2025-01-07,48,Male,USA,Standard
998,2025-03-16,41,Female,India,Standard
999,2023-11-02,37,Male,India,Standard
1000,2023-04-08,54,Female,USA,Basic
1001,2025-04-29,21,Female,USA,Standard
1002,2025-03-08,45,Male,India,Standard
1003,2023-12-01,61,Male,USA,Basic
1004,2025-05-08,37,Male,Canada,Standard
1005,2024-03-10,41,Female,Canada,Basic
1006,2024-03-22,49,Male,Australia,Basic
1007,2023-11-04,58,Male,India,Basic
1008,2023-09-06,53,Female,India,Basic
1009,2023-06-15,51,Male,UK,Standard
1010,2024-04-25,53,Male,India,Premium
1011,2023-12-01,19,Male,India,Standard
1012,2024-06-25,32,Female,India,Basic
1013,2025-01-28,51,Male,India,Basic
1014,2023-04-16,53,Male,India,Basic
1015,2024-07-16,23,Female,India,Standard
1016,2023-03-22,56,Male,India,Basic
1017,2023-05-13,59,Male,India,Standard
1018,2025-03-07,29,Female,USA,Basic
1019,2025-06-18,20,Female,USA,Premium
1020,2023-05-18,62,Male,USA,Basic
1021,2023-07-03,35,Male,India,Basic
1022,2024-02-05,57,Male,India,Premium
1023,2023-11-26,38,Female,USA,Basic
1024,2025-02-23,32,Other,USA,Basic
1025,2024-05-22,50,Female,India,Standard
1026,2025-05-01,52,Female,India,Standard
1027,2023-03-10,43,Male,Canada,Standard
1028,2024-06-29,25,Female,India,Basic
1029,2025-02-12,53,Female,India,Basic
1030,2023-02-22,47,Female,USA,Basic
1031,2024-03-25,40,Female,India,Basic
1032,2023-07-24,59,Female,India,Premium
1033,2023-05-06,61,Other,India,Standard
1034,2025-01-16,31,Female,UK,Basic
1035,2023-02-12,31,Male,India,Standard
1036,2025-01-21,19,Male,India,Basic
1037,2025-06-01,54,Male,India,Premium
1038,2023-04-21,22,Female,Canada,Basic
1039,2025-01-30,55,Male,India,Basic
1040,2024-10-24,62,Male,Australia,Standard
1041,2023-07-02,58,Male,India,Standard
1042,2025-04-27,64,Male,Australia,Standard
1043,2023-04-05,31,Male,Australia,Basic
1044,2024-01-09,56,Female,India,Basic
1045,2024-06-03,42,Male,India,Standard
1046,2025-06-18,37,Male,India,Basic
1047,2023-12-26,19,Male,India,Premium
1048,2025-06-18,56,Other,USA,Basic
1049,2024-11-26,23,Female,India,Standard
1050,2023-10-08,34,Other,India,Standard
1051,2023-07-14,42,Female,India,Basic
1052,2025-05-13,45,Female,Canada,Standard
1053,2023-07-14,19,Female,India,Premium
1054,2024-10-28,52,Female,India,Basic
1055,2023-04-03,54,Male,India,Premium
1056,2024-11-02,22,Female,Canada,Standard
1057,2023-03-02,18,Female,USA,Basic
1058,2024-09-25,57,Male,India,Basic
1059,2023-02-20,29,Male,India,Basic
1060,2024-02-07,53,Male,India,Standard
1061,2025-02-27,62,Male,India,Standard
1062,2023-01-05,40,Male,Australia,Premium
1063,2024-04-10,64,Female,UK,Premium
1064,2024-08-26,48,Female,India,Standard
1065,2024-11-12,28,Male,Canada,Standard
1066,2025-04-08,27,Female,India,Basic
1067,2024-06-17,20,Male,USA,Standard
1068,2024-02-09,31,Female,Canada,Basic
1069,2025-04-17,33,Female,India,Standard
1070,2024-05-27,27,Male,UK,Basic
1071,2024-10-06,46,Male,India,Basic
1072,2023-08-21,27,Male,India,Basic
1073,2024-06-07,29,Male,India,Basic
1074,2023-12-12,47,Female,India,Standard
1075,2023-02-15,58,Female,USA,Standard
1076,2024-06-29,18,Male,Australia,Standard
1077,2023-03-19,22,Male,USA,Standard
1078,2024-12-30,37,Female,Canada,Standard
1079,2025-03-23,25,Male,UK,Basic
1080,2023-03-14,60,Female,India,Basic
1081,2025-03-04,29,Female,India,Standard
1082,2023-09-06,18,Female,India,Standard
1083,2023-02-16,37,Male,USA,Basic
1084,2023-05-01,45,Male,Australia,Basic
1085,2023-08-02,60,Female,India,Basic
1086,2023-08-27,54,Male,UK,Standard
1087,2023-02-25,64,Female,USA,Basic
1088,2023-12-16,54,Female,USA,Standard
1089,2023-04-17,29,Female,India,Premium
1090,2025-04-10,54,Female,India,Basic
1091,2023-02-17,61,Female,India,Premium
1092,2024-07-26,45,Male,India,Standard
1093,2023-12-03,64,Male,India,Standard
1094,2023-01-26,32,Male,USA,Standard
1095,2025-03-14,23,Female,India,Standard
1096,2023-09-14,61,Female,Canada,Standard
1097,2023-01-08,37,Female,India,Basic
1098,2024-09-16,31,Female,USA,Basic
1099,2025-05-16,19,Male,India,Basic
1100,2023-09-10,26,Female,USA,Basic
1101,2024-11-22,54,Male,Australia,Basic
1102,2024-12-19,37,Male,India,Basic
1103,2023-10-30,43,Female,India,Basic
1104,2024-09-30,46,Male,UK,Standard
1105,2023-02-25,18,Male,India,Premium
1106,2024-12-26,52,Male,India,Premium
1107,2024-06-09,23,Male,India,Standard
1108,2024-04-18,54,Female,India,Standard
1109,2023-01-28,22,Female,USA,Premium
1110,2023-03-19,50,Female,India,Basic
1111,2023-08-04,31,Female,Canada,Basic
1112,2024-01-21,29,Male,UK,Premium
1113,2023-12-31,59,Female,USA,Standard
1114,2024-10-27,37,Male,USA,Standard
1115,2024-06-09,41,Male,Canada,Basic
1116,2024-11-29,60,Female,India,Basic
1117,2023-11-08,51,Female,Canada,Premium
1118,2025-06-01,42,Male,UK,Standard
1119,2023-01-07,46,Male,UK,Basic
1120,2023-01-03,56,Male,USA,Basic
1121,2024-09-14,48,Female,India,Standard
1122,2025-01-19,64,Female,India,Standard
1123,2023-12-29,60,Female,UK,Basic
1124,2025-01-20,40,Female,India,Premium
1125,2024-05-22,61,Male,UK,Basic
1126,2023-10-01,55,Male,India,Basic
1127,2024-05-20,37,Male,India,Standard
1128,2025-03-16,40,Male,India,Basic
1129,2025-01-08,62,Male,India,Premium
1130,2025-06-01,33,Female,India,Standard
1131,2023-01-15,59,Female,India,Standard
1132,2023-07-11,25,Male,Australia,Basic
1133,2024-09-22,38,Female,USA,Basic
1134,2024-04-29,18,Male,India,Basic
1135,2023-01-28,25,Male,USA,Standard
1136,2024-12-14,46,Female,Canada,Standard
1137,2023-02-08,49,Male,UK,Premium
1138,2023-09-30,55,Male,India,Standard
1139,2023-08-19,22,Male,Canada,Premium
1140,2023-03-27,64,Male,UK,Standard
1141,2024-04-18,39,Male,India,Basic
1142,2023-05-06,64,Female,India,Basic
1143,2025-03-22,51,Female,USA,Standard
1144,2024-06-20,18,Male,India,Basic
1145,2023-05-25,43,Male,Canada,Basic
1146,2024-06-08,60,Female,India,Standard
1147,2023-07-31,27,Female,Canada,Premium
1148,2023-01-25,47,Male,USA,Basic
1149,2024-08-02,35,Male,India,Standard
1150,2024-01-29,34,Male,India,Premium
1151,2023-03-08,43,Male,USA,Standard
1152,2023-08-21,25,Female,UK,Basic
1153,2023-04-19,64,Female,UK,Basic
1154,2023-05-26,57,Male,India,Standard
1155,2023-04-21,29,Female,India,Standard
1156,2023-08-16,44,Female,India,Premium
1157,2023-04-21,25,Female,USA,Standard
1158,2024-04-14,42,Male,India,Basic
1159,2023-02-03,63,Male,India,Basic
1160,2024-09-14,21,Female,USA,Standard
1161,2025-02-14,50,Female,Australia,Basic
1162,2024-01-04,18,Male,India,Basic
1163,2025-01-17,36,Other,India,Standard
1164,2024-08-17,48,Female,USA,Basic
1165,2024-07-07,33,Male,USA,Basic
1166,2024-02-29,31,Female,India,Basic
1167,2024-09-04,22,Male,Australia,Basic
1168,2024-06-01,58,Female,Canada,Basic
1169,2024-11-22,43,Female,India,Standard
1170,2023-10-09,45,Male,India,Premium
1171,2023-11-16,19,Male,India,Basic
1172,2025-01-07,23,Female,UK,Standard
1173,2024-03-18,26,Male,India,Basic
1174,2023-11-11,50,Female,USA,Standard
1175,2025-05-26,58,Male,USA,Premium
1176,2025-01-10,42,Female,India,Standard
1177,2024-01-12,30,Male,USA,Premium
1178,2023-10-16,26,Female,Australia,Basic
1179,2024-03-12,30,Male,India,Basic
1180,2024-10-23,48,Male,India,Premium
1181,2023-10-04,58,Male,India,Basic
1182,2024-12-10,28,Male,Canada,Basic
1183,2024-08-04,21,Male,Australia,Standard
1184,2024-05-17,51,Female,India,Premium
1185,2024-09-15,55,Female,UK,Premium
1186,2024-05-30,63,Male,India,Basic
1187,2023-12-16,21,Female,India,Premium
1188,2025-04-22,55,Male,India,Basic
1189,2024-03-21,36,Other,India,Basic
1190,2025-04-09,23,Female,India,Standard
1191,2023-12-16,51,Male,USA,Basic
1192,2024-08-29,35,Female,India,Basic
1193,2024-10-25,30,Male,Canada,Standard
1194,2025-04-02,58,Female,India,Basic
1195,2023-05-17,40,Female,India,Basic
1196,2025-01-28,36,Male,India,Basic
1197,2025-06-17,62,Male,USA,Standard
1198,2023-08-31,28,Male,India,Standard
1199,2024-06-26,18,Male,India,Standard
1200,2023-02-09,41,Female,Australia,Standard
